,Date,general_market_news_compound,economy_fiscal_news_sentiment_score,economy_fiscal_news_sentiment_label,economy_macro_news_sentiment_score,economy_macro_news_sentiment_label,economy_monetary_news_sentiment_score,economy_monetary_news_sentiment_label,financial_market_news_sentiment_score,financial_market_news_sentiment_label,ticker_news_compound
0,2021-01-01,,,,,,,,,,
1,2021-01-02,,,,,,,,,,
2,2021-01-03,,,,,,,,,,
3,2021-01-04,,,,,,,,,,
4,2021-01-05,,,,,,,,,,
5,2021-01-06,,,,,,,,,,
6,2021-01-07,,,,,,,,,,
7,2021-01-08,,,,,,,,,,0.0
8,2021-01-09,,,,,,,,,,0.0
9,2021-01-10,,,,,,,,,,0.0
10,2021-01-11,,,,,,,,,,0.0
11,2021-01-12,,,,,,,,,,0.0
12,2021-01-13,,,,,,,,,,0.0
13,2021-01-14,,,,,,,,,,0.0
14,2021-01-15,,,,,,,,,,0.0
15,2021-01-16,,,,,,,,,,0.0
16,2021-01-17,,,,,,,,,,0.0
17,2021-01-18,,,,,,,,,,0.0
18,2021-01-19,,,,,,,,,,0.0
19,2021-01-20,,,,,,,,,,0.0
20,2021-01-21,,,,,,,,,,0.0
21,2021-01-22,,,,,,,,,,0.0
22,2021-01-23,,,,,,,,,,0.34
23,2021-01-24,,,,,,,,,,0.34
24,2021-01-25,,,,,,,,,,0.34
25,2021-01-26,,,,,,,,,,0.34
26,2021-01-27,,,,,,,,,,0.34
27,2021-01-28,,,,,,,,,,0.34
28,2021-01-29,,,,,,,,,,0.34
29,2021-01-30,,,,,,,,,,0.34
30,2021-01-31,,,,,,,,,,0.34
31,2021-02-01,,,,,,,,,,0.34
32,2021-02-02,,,,,,,,,,0.0
33,2021-02-03,,,,,,,,,,0.1779
34,2021-02-04,,,,,,,,,,0.5106
35,2021-02-05,,,,,,,,,,0.5106
36,2021-02-06,,,,,,,,,,0.5106
37,2021-02-07,,,,,,,,,,0.5106
38,2021-02-08,,,,,,,,,,0.5106
39,2021-02-09,,,,,,,,,,0.5106
40,2021-02-10,,,,,,,,,,0.5106
41,2021-02-11,,,,,,,,,,0.5106
42,2021-02-12,,,,,,,,,,0.5106
43,2021-02-13,,,,,,,,,,0.5106
44,2021-02-14,,,,,,,,,,0.5106
45,2021-02-15,,,,,,,,,,0.5106
46,2021-02-16,,,,,,,,,,0.5106
47,2021-02-17,,,,,,,,,,0.5106
48,2021-02-18,,,,,,,,,,0.5106
49,2021-02-19,,,,,,,,,,0.5106
50,2021-02-20,,,,,,,,,,0.5106
51,2021-02-21,,,,,,,,,,0.5106
52,2021-02-22,,,,,,,,,,0.5106
53,2021-02-23,,,,,,,,,,0.0
54,2021-02-24,,,,,,,,,,0.0
55,2021-02-25,,,,,,,,,,0.0
56,2021-02-26,,,,,,,,,,0.0
57,2021-02-27,,,,,,,,,,0.0
58,2021-02-28,,,,,,,,,,0.0
59,2021-03-01,,,,,,,,,,0.0
60,2021-03-02,,,,,,,,,,0.0
61,2021-03-03,,,,,,,,,,0.0
62,2021-03-04,,,,,,,,,,0.0
63,2021-03-05,,,,,,,,,,0.0
64,2021-03-06,,,,,,,,,,0.0
65,2021-03-07,,,,,,,,,,0.0
66,2021-03-08,,,,,,,,,,0.0
67,2021-03-09,,,,,,,,,,0.4588
68,2021-03-10,,,,,,,,,,0.4588
69,2021-03-11,,,,,,,,,,0.4588
70,2021-03-12,,,,,,,,,,0.4588
71,2021-03-13,,,,,,,,,,0.4588
72,2021-03-14,,,,,,,,,,0.4588
73,2021-03-15,,,,,,,,,,0.4588
74,2021-03-16,,,,,,,,,,0.4588
75,2021-03-17,,,,,,,,,,-0.2023
76,2021-03-18,,,,,,,,,,-0.2023
77,2021-03-19,,,,,,,,,,0.0
78,2021-03-20,,,,,,,,,,0.0
79,2021-03-21,,,,,,,,,,0.0
80,2021-03-22,,,,,,,,,,0.0
81,2021-03-23,,,,,,,,,,0.0
82,2021-03-24,,,,,,,,,,0.0
83,2021-03-25,,,,,,,,,,0.0
84,2021-03-26,,,,,,,,,,0.0
85,2021-03-27,,,,,,,,,,0.0
86,2021-03-28,,,,,,,,,,0.0
87,2021-03-29,,,,,,,,,,0.0
88,2021-03-30,,,,,,,,,,0.0
89,2021-03-31,,,,,,,,,,0.0
90,2021-04-01,,,,,,,,,,0.0
91,2021-04-02,,,,,,,,,,0.0
92,2021-04-03,,,,,,,,,,0.0
93,2021-04-04,,,,,,,,,,0.0
94,2021-04-05,,,,,,,,,,0.0
95,2021-04-06,,,,,,,,,,0.5106
96,2021-04-07,,,,,,,,,,0.5106
97,2021-04-08,,,,,,,,,,0.5106
98,2021-04-09,,,,,,,,,,0.5106
99,2021-04-10,,,,,,,,,,0.5106
100,2021-04-11,,,,,,,,,,0.5106
101,2021-04-12,,,,,,,,,,0.5106
102,2021-04-13,,,,,,,,,,0.5106
103,2021-04-14,,,,,,,,,,0.5106
104,2021-04-15,,,,,,,,,,0.5106
105,2021-04-16,,,,,,,,,,0.5106
106,2021-04-17,,,,,,,,,,0.5106
107,2021-04-18,,,,,,,,,,0.5106
108,2021-04-19,,,,,,,,,,0.5106
109,2021-04-20,,,,,,,,,,0.0
110,2021-04-21,,,,,,,,,,0.0
111,2021-04-22,,,,,,,,,,0.0
112,2021-04-23,,,,,,,,,,0.17
113,2021-04-24,,,,,,,,,,0.06802727272727273
114,2021-04-25,,,,,,,,,,0.2997
115,2021-04-26,,,,,,,,,,0.08326666666666666
116,2021-04-27,,,,,,,,,,-0.027049999999999998
117,2021-04-28,,,,,,,,,,0.2650866666666667
118,2021-04-29,,,,,,,,,,0.38517
119,2021-04-30,,,,,,,,,,0.22279166666666664
120,2021-05-01,,,,,,,,,,0.09759999999999999
121,2021-05-02,,,,,,,,,,0.2615
122,2021-05-03,,,,,,,,,,0.21216
123,2021-05-04,,,,,,,,,,0.13035
124,2021-05-05,,,,,,,,,,0.17172857142857145
125,2021-05-06,,,,,,,,,,0.3435125
126,2021-05-07,,,,,,,,,,-0.021210000000000003
127,2021-05-08,,,,,,,,,,0.2372625
128,2021-05-09,,,,,,,,,,0.5719
129,2021-05-10,,,,,,,,,,-0.1998
130,2021-05-11,,,,,,,,,,-0.009766666666666665
131,2021-05-12,,,,,,,,,,0.13956
132,2021-05-13,,,,,,,,,,0.1487
133,2021-05-14,,,,,,,,,,0.128
134,2021-05-15,,,,,,,,,,0.3994
135,2021-05-16,,,,,,,,,,0.28376
136,2021-05-17,,,,,,,,,,0.1702
137,2021-05-18,,,,,,,,,,0.444
138,2021-05-19,,,,,,,,,,0.08307142857142857
139,2021-05-20,,,,,,,,,,0.10171999999999999
140,2021-05-21,,,,,,,,,,0.3005714285714286
141,2021-05-22,,,,,,,,,,0.4512625
142,2021-05-23,,,,,,,,,,0.2023
143,2021-05-24,,,,,,,,,,0.09992499999999999
144,2021-05-25,,,,,,,,,,0.4030142857142857
145,2021-05-26,,,,,,,,,,0.18664
146,2021-05-27,,,,,,,,,,0.21764999999999998
147,2021-05-28,,,,,,,,,,0.2796166666666667
148,2021-05-29,,,,,,,,,,0.29351666666666665
149,2021-05-30,,,,,,,,,,0.162275
150,2021-05-31,,,,,,,,,,0.08333333333333333
151,2021-06-01,,,,,,,,,,0.16146
152,2021-06-02,,,,,,,,,,0.08275
153,2021-06-03,,,,,,,,,,0.09205555555555556
154,2021-06-04,,,,,,,,,,0.31245
155,2021-06-05,,,,,,,,,,0.54266
156,2021-06-06,,,,,,,,,,-0.0962
157,2021-06-07,,,,,,,,,,0.09927500000000002
158,2021-06-08,,,,,,,,,,0.19768571428571427
159,2021-06-09,,,,,,,,,,0.2534666666666667
160,2021-06-10,,,,,,,,,,0.15116666666666667
161,2021-06-11,,,,,,,,,,0.29414285714285715
162,2021-06-12,,,,,,,,,,0.30112
163,2021-06-13,,,,,,,,,,0.28152499999999997
164,2021-06-14,,,,,,,,,,0.13424444444444447
165,2021-06-15,,,,,,,,,,0.8176
166,2021-06-16,,,,,,,,,,0.13277777777777777
167,2021-06-17,,,,,,,,,,0.25555555555555554
168,2021-06-18,,,,,,,,,,0.27142857142857146
169,2021-06-19,,,,,,,,,,-0.0654
170,2021-06-20,,,,,,,,,,0.19699999999999998
171,2021-06-21,,,,,,,,,,0.45252857142857145
172,2021-06-22,,,,,,,,,,-0.09539999999999998
173,2021-06-23,,,,,,,,,,0.19123333333333334
174,2021-06-24,,,,,,,,,,0.1967
175,2021-06-25,,,,,,,,,,-0.03239090909090909
176,2021-06-26,,,,,,,,,,0.24100000000000002
177,2021-06-27,,,,,,,,,,0.0
178,2021-06-28,,,,,,,,,,0.38181666666666664
179,2021-06-29,,,,,,,,,,0.33297777777777776
180,2021-06-30,,,,,,,,,,0.5442833333333333
181,2021-07-01,,,,,,,,,,0.27140000000000003
182,2021-07-02,,,,,,,,,,0.34718
183,2021-07-03,,,,,,,,,,0.3081333333333333
184,2021-07-04,,,,,,,,,,0.0
185,2021-07-05,,,,,,,,,,0.4294
186,2021-07-06,,,,,,,,,,0.2309125
187,2021-07-07,,,,,,,,,,0.09935
188,2021-07-08,,,,,,,,,,0.1858153846153846
189,2021-07-09,,,,,,,,,,0.3535
190,2021-07-10,,,,,,,,,,0.09663999999999999
191,2021-07-11,,,,,,,,,,-0.1591
192,2021-07-12,,,,,,,,,,0.1604142857142857
193,2021-07-13,,,,,,,,,,0.31155
194,2021-07-14,,,,,,,,,,0.45452857142857145
195,2021-07-15,,,,,,,,,,0.47628181818181814
196,2021-07-16,,,,,,,,,,0.5948
197,2021-07-17,,,,,,,,,,0.6473
198,2021-07-18,,,,,,,,,,0.715
199,2021-07-19,,,,,,,,,,0.44989
200,2021-07-20,,,,,,,,,,0.38415
201,2021-07-21,,,,,,,,,,0.07682857142857144
202,2021-07-22,,,,,,,,,,0.17373750000000002
203,2021-07-23,,,,,,,,,,0.3406833333333333
204,2021-07-24,,,,,,,,,,0.14163
205,2021-07-25,,,,,,,,,,0.053728571428571424
206,2021-07-26,,,,,,,,,,0.5583
207,2021-07-27,,,,,,,,,,0.20710769230769233
208,2021-07-28,,,,,,,,,,0.3578421052631579
209,2021-07-29,,,,,,,,,,0.19092727272727272
210,2021-07-30,,,,,,,,,,0.5066846153846154
211,2021-07-31,,,,,,,,,,0.3889375
212,2021-08-01,,,,,,,,,,0.2679333333333333
213,2021-08-02,,,,,,,,,,0.12187500000000001
214,2021-08-03,,,,,,,,,,0.22333076923076925
215,2021-08-04,,,,,,,,,,0.1849666666666667
216,2021-08-05,,,,,,,,,,0.025133333333333324
217,2021-08-06,,,,,,,,,,0.15509
218,2021-08-07,,,,,,,,,,0.34532857142857143
219,2021-08-08,,,,,,,,,,0.36094
220,2021-08-09,,,,,,,,,,0.46843749999999995
221,2021-08-10,,,,,,,,,,0.37138571428571426
222,2021-08-11,,,,,,,,,,0.16043749999999998
223,2021-08-12,,,,,,,,,,-0.029550000000000003
224,2021-08-13,,,,,,,,,,0.14959
225,2021-08-14,,,,,,,,,,0.5952333333333334
226,2021-08-15,,,,,,,,,,0.23420000000000002
227,2021-08-16,,,,,,,,,,0.16253529411764706
228,2021-08-17,,,,,,,,,,0.35293571428571424
229,2021-08-18,,,,,,,,,,0.17121999999999998
230,2021-08-19,,,,,,,,,,0.445525
231,2021-08-20,,,,,,,,,,0.4181090909090909
232,2021-08-21,,,,,,,,,,-0.058175000000000004
233,2021-08-22,,,,,,,,,,0.2194
234,2021-08-23,,,,,,,,,,0.2559166666666666
235,2021-08-24,,,,,,,,,,0.3361818181818182
236,2021-08-25,,,,,,,,,,0.3340666666666666
237,2021-08-26,,,,,,,,,,0.21195555555555556
238,2021-08-27,,,,,,,,,,0.23873846153846154
239,2021-08-28,,,,,,,,,,0.2859142857142857
240,2021-08-29,,,,,,,,,,0.39522
241,2021-08-30,,,,,,,,,,0.5637777777777777
242,2021-08-31,,,,,,,,,,0.39194444444444443
243,2021-09-01,,,,,,,,,,0.18578333333333333
244,2021-09-02,,,,,,,,,,0.5576916666666667
245,2021-09-03,,,,,,,,,,0.24157777777777778
246,2021-09-04,,,,,,,,,,0.78435
247,2021-09-05,,,,,,,,,,0.5653
248,2021-09-06,,,,,,,,,,0.5653
249,2021-09-07,,,,,,,,,,0.2646
250,2021-09-08,,,,,,,,,,0.12115000000000001
251,2021-09-09,,,,,,,,,,0.37221666666666664
252,2021-09-10,,,,,,,,,,0.2695
253,2021-09-11,,,,,,,,,,-0.07962500000000002
254,2021-09-12,,,,,,,,,,0.06653333333333332
255,2021-09-13,,,,,,,,,,0.43191666666666667
256,2021-09-14,,,,,,,,,,0.31095
257,2021-09-15,,,,,,,,,,0.3450166666666667
258,2021-09-16,,,,,,,,,,0.4107153846153846
259,2021-09-17,,,,,,,,,,0.6574333333333334
260,2021-09-18,,,,,,,,,,0.3569
261,2021-09-19,,,,,,,,,,0.10676666666666668
262,2021-09-20,,,,,,,,,,0.36126
263,2021-09-21,,,,,,,,,,0.3667
264,2021-09-22,,,,,,,,,,0.07575
265,2021-09-23,,,,,,,,,,0.347225
266,2021-09-24,,,,,,,,,,0.1821
267,2021-09-25,,,,,,,,,,0.363475
268,2021-09-26,,,,,,,,,,0.392875
269,2021-09-27,,,,,,,,,,0.29045000000000004
270,2021-09-28,,,,,,,,,,-0.016685714285714286
271,2021-09-29,,,,,,,,,,0.0493
272,2021-09-30,,,,,,,,,,-0.007857142857142865
273,2021-10-01,,,,,,,,,,0.35996666666666666
274,2021-10-02,,,,,,,,,,0.20249
275,2021-10-03,,,,,,,,,,0.14980000000000002
276,2021-10-04,,,,,,,,,,0.2712444444444444
277,2021-10-05,,,,,,,,,,-0.02636666666666666
278,2021-10-06,,,,,,,,,,0.3017888888888889
279,2021-10-07,,,,,,,,,,0.0389
280,2021-10-08,,,,,,,,,,0.0657125
281,2021-10-09,,,,,,,,,,0.10529000000000002
282,2021-10-10,,,,,,,,,,0.0
283,2021-10-11,,,,,,,,,,0.032149999999999984
284,2021-10-12,,,,,,,,,,0.09171111111111113
285,2021-10-13,,,,,,,,,,0.028962500000000002
286,2021-10-14,,,,,,,,,,0.4624857142857143
287,2021-10-15,,,,,,,,,,0.2700666666666667
288,2021-10-16,,,,,,,,,,0.16274999999999998
289,2021-10-17,,,,,,,,,,0.0
290,2021-10-18,,,,,,,,,,0.24563333333333334
291,2021-10-19,,,,,,,,,,0.4299888888888889
292,2021-10-20,,,,,,,,,,0.21155
293,2021-10-21,,,,,,,,,,-0.018899999999999986
294,2021-10-22,,,,,,,,,,0.18734117647058823
295,2021-10-23,,,,,,,,,,0.10737857142857143
296,2021-10-24,,,,,,,,,,0.0
297,2021-10-25,,,,,,,,,,0.11231333333333333
298,2021-10-26,,,,,,,,,,0.36960000000000004
299,2021-10-27,,,,,,,,,,0.2446705882352941
300,2021-10-28,,,,,,,,,,0.15855714285714287
301,2021-10-29,,,,,,,,,,0.28717692307692305
302,2021-10-30,,,,,,,,,,0.2368875
303,2021-10-31,,,,,,,,,,0.03923999999999998
304,2021-11-01,,,,,,,,,,0.26669166666666666
305,2021-11-02,,,,,,,,,,0.31784285714285715
306,2021-11-03,,,,,,,,,,0.44661999999999996
307,2021-11-04,,,,,,,,,,0.36375454545454544
308,2021-11-05,,,,,,,,,,0.3799444444444445
309,2021-11-06,,,,,,,,,,0.12115999999999998
310,2021-11-07,,,,,,,,,,0.12115999999999998
311,2021-11-08,,,,,,,,,,0.5261
312,2021-11-09,,,,,,,,,,0.46828000000000003
313,2021-11-10,,,,,,,,,,0.11863749999999998
314,2021-11-11,,,,,,,,,,0.37301249999999997
315,2021-11-12,,,,,,,,,,0.165025
316,2021-11-13,,,,,,,,,,0.39833999999999997
317,2021-11-14,,,,,,,,,,0.4767
318,2021-11-15,,,,,,,,,,0.03748571428571428
319,2021-11-16,,,,,,,,,,0.450375
320,2021-11-17,,,,,,,,,,0.17
321,2021-11-18,,,,,,,,,,0.26061
322,2021-11-19,,,,,,,,,,0.292025
323,2021-11-20,,,,,,,,,,0.3818
324,2021-11-21,,,,,,,,,,0.35229999999999995
325,2021-11-22,,,,,,,,,,0.6437333333333334
326,2021-11-23,,,,,,,,,,0.26931428571428573
327,2021-11-24,,,,,,,,,,0.2149142857142857
328,2021-11-25,,,,,,,,,,-0.21075
329,2021-11-26,,,,,,,,,,0.18705000000000002
330,2021-11-27,,,,,,,,,,0.18705000000000002
331,2021-11-28,,,,,,,,,,0.1741
332,2021-11-29,,,,,,,,,,0.24491999999999997
333,2021-11-30,,,,,,,,,,0.3756125
334,2021-12-01,,,,,,,,,,0.13678333333333334
335,2021-12-02,,,,,,,,,,0.17746666666666666
336,2021-12-03,,,,,,,,,,0.212
337,2021-12-04,,,,,,,,,,0.03182
338,2021-12-05,,,,,,,,,,0.31976
339,2021-12-06,,,,,,,,,,0.09225
340,2021-12-07,,,,,,,,,,0.15922222222222224
341,2021-12-08,,,,,,,,,,0.2153818181818182
342,2021-12-09,,,,,,,,,,0.21434285714285714
343,2021-12-10,,,,,,,,,,0.45986666666666665
344,2021-12-11,,,,,,,,,,0.19340000000000002
345,2021-12-12,,,,,,,,,,0.34425000000000006
346,2021-12-13,,,,,,,,,,0.28775
347,2021-12-14,,,,,,,,,,0.23031538461538462
348,2021-12-15,,,,,,,,,,0.24440833333333334
349,2021-12-16,,,,,,,,,,0.010599999999999998
350,2021-12-17,,,,,,,,,,0.3412285714285714
351,2021-12-18,,,,,,,,,,0.031475
352,2021-12-19,,,,,,,,,,0.3798333333333333
353,2021-12-20,,,,,,,,,,-0.10515
354,2021-12-21,,,,,,,,,,0.039516666666666665
355,2021-12-22,,,,,,,,,,0.36425555555555555
356,2021-12-23,,,,,,,,,,0.2162166666666667
357,2021-12-24,,,,,,,,,,-0.1026
358,2021-12-25,,,,,,,,,,-0.148
359,2021-12-26,,,,,,,,,,-0.1909
360,2021-12-27,,,,,,,,,,0.3036125
361,2021-12-28,,,,,,,,,,0.061099999999999995
362,2021-12-29,,,,,,,,,,0.41465625
363,2021-12-30,,,,,,,,,,0.37752857142857144
364,2021-12-31,,,,,,,,,,0.2239
365,2022-01-01,,,,,,,,,,0.13273333333333331
366,2022-01-02,,,,,,,,,,0.7007000000000001
367,2022-01-03,,,,,,,,,,0.08661818181818183
368,2022-01-04,,,,,,,,,,0.4060666666666667
369,2022-01-05,,,,,,,,,,0.41545000000000004
370,2022-01-06,,,,,,,,,,0.17568571428571428
371,2022-01-07,,,,,,,,,,0.209725
372,2022-01-08,,,,,,,,,,0.6296999999999999
373,2022-01-09,,,,,,,,,,0.0
374,2022-01-10,,,,,,,,,,0.07150666666666666
375,2022-01-11,,,,,,,,,,0.40829999999999994
376,2022-01-12,,,,,,,,,,0.43484
377,2022-01-13,,,,,,,,,,0.2482777777777778
378,2022-01-14,,,,,,,,,,0.015811111111111095
379,2022-01-15,,,,,,,,,,0.33299999999999996
380,2022-01-16,,,,,,,,,,0.11545
381,2022-01-17,,,,,,,,,,0.23007999999999998
382,2022-01-18,,,,,,,,,,0.27985
383,2022-01-19,,,,,,,,,,0.34368
384,2022-01-20,,,,,,,,,,0.11263999999999999
385,2022-01-21,,,,,,,,,,0.34885
386,2022-01-22,,,,,,,,,,0.20518333333333336
387,2022-01-23,,,,,,,,,,0.3815
388,2022-01-24,,,,,,,,,,0.15867142857142857
389,2022-01-25,,,,,,,,,,0.4416
390,2022-01-26,,,,,,,,,,0.40804545454545454
391,2022-01-27,,,,,,,,,,0.38425
392,2022-01-28,,,,,,,,,,0.30346
393,2022-01-29,,,,,,,,,,0.18696666666666664
394,2022-01-30,,,,,,,,,,0.9652
395,2022-01-31,,,,,,,,,,0.3604307692307692
396,2022-02-01,,,,,,,,,,0.5299384615384615
397,2022-02-02,,,,,,,,,,0.3271821428571428
398,2022-02-03,,,,,,,,,,0.21933076923076925
399,2022-02-04,,,,,,,,,,0.43658
400,2022-02-05,,,,,,,,,,0.2887888888888889
401,2022-02-06,,,,,,,,,,0.62986
402,2022-02-07,,,,,,,,,,0.07829
403,2022-02-08,,,,,,,,,,0.18358
404,2022-02-09,,,,,,,,,,0.24999230769230768
405,2022-02-10,,,,,,,,,,0.24696666666666667
406,2022-02-11,,,,,,,,,,0.28197500000000003
407,2022-02-12,,,,,,,,,,0.5407333333333333
408,2022-02-13,,,,,,,,,,0.4342333333333333
409,2022-02-14,,,,,,,,,,0.22867142857142858
410,2022-02-15,,,,,,,,,,0.2969777777777778
411,2022-02-16,,,,,,,,,,0.4171454545454545
412,2022-02-17,,,,,,,,,,0.33931428571428573
413,2022-02-18,,,,,,,,,,0.08243
414,2022-02-19,,,,,,,,,,0.15524285714285715
415,2022-02-20,,,,,,,,,,0.38687499999999997
416,2022-02-21,,,,,,,,,,0.5396333333333333
417,2022-02-22,,,,,,,,,,0.26565
418,2022-02-23,,,,,,,,,,0.49944
419,2022-02-24,,,,,,,,,,-0.19935714285714284
420,2022-02-25,,,,,,,,,,0.19942857142857143
421,2022-02-26,,,,,,,,,,0.040525
422,2022-02-27,,,,,,,,,,-0.02093333333333332
423,2022-02-28,,,,,,,,,,0.08005999999999999
424,2022-03-01,,-0.13440080000000001,Neutral,,,,,,,0.181725
425,2022-03-02,,-0.24193366666666669,Somewhat-Bearish,-0.2836806,['Neutral' 'Somewhat-Bearish'],-0.20124748484848487,Somewhat-Bearish,,,0.21352727272727276
426,2022-03-03,,-0.15336125,Neutral,-0.18587220000000002,Somewhat-Bearish,-0.16537420408163267,Neutral,,,0.13389
427,2022-03-04,,-0.1310846,Neutral,-0.1260517142857143,Neutral,-0.12424787654320989,Neutral,-0.00615368456375839,Neutral,0.10558571428571428
428,2022-03-05,,-0.0187855,Neutral,-0.07931433333333333,Neutral,-0.22355186486486486,Somewhat-Bearish,-0.13595722,Neutral,0.3871
429,2022-03-06,,-0.21260525,Bearish,-0.09127949999999999,['Neutral' 'Somewhat-Bearish'],-0.22355186486486486,Somewhat-Bearish,-0.365286,Bearish,0.198575
430,2022-03-07,,-0.10593288,Neutral,-0.13352062068965517,Neutral,-0.22355186486486486,Somewhat-Bearish,-0.365286,Bearish,-0.08681999999999997
431,2022-03-08,,-0.10199818181818182,Neutral,-0.06745203225806451,Neutral,-0.22355186486486486,Somewhat-Bearish,-0.365286,Bearish,0.08846428571428573
432,2022-03-09,,-0.15836343333333333,Somewhat-Bearish,-0.06199217647058823,Neutral,-0.22355186486486486,Somewhat-Bearish,-0.365286,Bearish,0.464175
433,2022-03-10,,-0.0914755,Neutral,-0.06608054000000001,Neutral,-0.22355186486486486,Somewhat-Bearish,-0.365286,Bearish,0.24823333333333333
434,2022-03-11,,-0.0990320625,Neutral,-0.10730791666666667,Neutral,-0.1397001037735849,Neutral,-0.365286,Bearish,0.405
435,2022-03-12,,-0.2602381111111111,['Bearish' 'Neutral' 'Somewhat-Bearish'],-0.09638983333333333,Neutral,-0.08033990425531914,Neutral,-0.048330025,Neutral,0.005699999999999983
436,2022-03-13,,-0.2602381111111111,['Bearish' 'Neutral' 'Somewhat-Bearish'],-0.21083633333333332,['Bearish' 'Neutral' 'Somewhat-Bearish'],-0.08033990425531914,Neutral,-0.048330025,Neutral,0.2413857142857143
437,2022-03-14,,-0.043948812500000004,Neutral,-0.13274212903225807,Neutral,-0.08033990425531914,Neutral,-0.048330025,Neutral,0.12940000000000002
438,2022-03-15,,-0.1094675641025641,Neutral,-0.08783261111111111,Neutral,-0.08033990425531914,Neutral,-0.048330025,Neutral,0.12248
439,2022-03-16,,-0.05068404166666666,Neutral,-0.118606725,Neutral,-0.08033990425531914,Neutral,-0.048330025,Neutral,0.34040000000000004
440,2022-03-17,,-0.08436312765957446,Neutral,-0.05991223404255319,Neutral,-0.08033990425531914,Neutral,-0.048330025,Neutral,0.17112499999999997
441,2022-03-18,,-0.04618017647058824,Neutral,-0.0985218076923077,['Neutral' 'Somewhat-Bearish'],-0.10074645801526719,Neutral,-0.01825805,Neutral,0.3471285714285714
442,2022-03-19,,-0.12311675000000001,Neutral,-0.0985218076923077,['Neutral' 'Somewhat-Bearish'],-0.06824080882352941,Neutral,-0.030975127777777774,Neutral,-0.061100000000000015
443,2022-03-20,,-0.08355080000000001,Neutral,-0.0095215,Neutral,-0.277893,Somewhat-Bearish,-0.030975127777777774,Neutral,0.11502500000000003
444,2022-03-21,,-0.13617369230769233,Neutral,-0.15861514285714287,Somewhat-Bearish,-0.277893,Somewhat-Bearish,-0.030975127777777774,Neutral,-0.01673333333333333
445,2022-03-22,,-0.03475678125,Neutral,-0.10448846666666665,Neutral,-0.277893,Somewhat-Bearish,-0.030975127777777774,Neutral,0.4638416666666667
446,2022-03-23,,-0.05285011111111112,Neutral,-0.07088639130434783,Neutral,-0.277893,Somewhat-Bearish,-0.030975127777777774,Neutral,0.2868555555555556
447,2022-03-24,,-0.04884008510638298,Neutral,-0.08416894285714285,Neutral,-0.277893,Somewhat-Bearish,-0.030975127777777774,Neutral,0.3290444444444445
448,2022-03-25,,-0.08430475555555556,Neutral,-0.0769254375,Neutral,-0.11253709322033899,Neutral,-0.030975127777777774,Neutral,0.04956666666666665
449,2022-03-26,,-0.1902548888888889,Neutral,-0.14835299999999998,['Neutral' 'Somewhat-Bearish'],-0.1250769268292683,Neutral,-0.042230580808080814,Neutral,0.1843857142857143
450,2022-03-27,,-0.1902548888888889,Neutral,0.017756399999999995,Neutral,-0.1250769268292683,Neutral,-0.2257265,['Bearish' 'Neutral'],-0.0683
451,2022-03-28,,-0.08764333333333334,Neutral,-0.0870856052631579,Neutral,-0.1250769268292683,Neutral,-0.2257265,['Bearish' 'Neutral'],0.4779333333333333
452,2022-03-29,,-0.11156106060606061,Neutral,-0.014483885714285712,Neutral,-0.1250769268292683,Neutral,-0.2257265,['Bearish' 'Neutral'],0.47526
453,2022-03-30,,-0.08406251219512195,Neutral,-0.053020060606060605,Neutral,-0.1250769268292683,Neutral,-0.2257265,['Bearish' 'Neutral'],0.31618888888888885
454,2022-03-31,,-0.07350257627118643,Neutral,-0.06623738461538461,Neutral,-0.1250769268292683,Neutral,-0.2257265,['Bearish' 'Neutral'],0.41511666666666663
455,2022-04-01,,-0.09298439622641509,Neutral,-0.08907915625,Neutral,-0.10971366412213741,Neutral,-0.2257265,['Bearish' 'Neutral'],-0.01991428571428571
456,2022-04-02,,-0.0656679090909091,Neutral,-0.15480224999999997,Neutral,-0.10780160869565217,Neutral,-0.03978771,Neutral,0.28481666666666666
457,2022-04-03,,-0.0656679090909091,Neutral,-0.01342066666666667,Neutral,-0.10780160869565217,Neutral,-0.03978771,Neutral,0.3522285714285714
458,2022-04-04,,-0.0472707,Neutral,-0.11135227272727272,Neutral,-0.10780160869565217,Neutral,-0.03978771,Neutral,0.391725
459,2022-04-05,,-0.12414491111111112,Neutral,-0.047165375,Neutral,-0.10780160869565217,Neutral,-0.03978771,Neutral,0.23478
460,2022-04-06,,-0.07140197058823529,Neutral,-0.06117961538461538,Neutral,-0.10780160869565217,Neutral,-0.03978771,Neutral,-0.007985714285714278
461,2022-04-07,,-0.0826526,Neutral,-0.0696758717948718,Neutral,-0.10780160869565217,Neutral,-0.03978771,Neutral,0.26792
462,2022-04-08,,-0.04771545714285714,Neutral,-0.09008469230769231,Neutral,-0.08282679032258064,Neutral,-0.03978771,Neutral,0.4033
463,2022-04-09,,-0.14331909090909092,Neutral,-0.16679325,Neutral,-0.1439260394736842,Neutral,-0.042588875,Neutral,0.42425999999999997
464,2022-04-10,,-0.127147,Neutral,-0.008788666666666667,Neutral,-0.1439260394736842,Neutral,-0.042588875,Neutral,0.5194666666666666
465,2022-04-11,,-0.10551289473684211,Neutral,-0.036152000000000004,Neutral,-0.1439260394736842,Neutral,-0.042588875,Neutral,0.5260111111111111
466,2022-04-12,,-0.06871834615384616,Neutral,-0.0939175,Neutral,-0.1439260394736842,Neutral,-0.042588875,Neutral,0.29118
467,2022-04-13,,-0.1339052765957447,Neutral,-0.07386718918918919,Neutral,-0.1439260394736842,Neutral,-0.042588875,Neutral,0.23403333333333334
468,2022-04-14,,-0.04876140625,Neutral,-0.08463221666666666,Neutral,-0.1439260394736842,Neutral,-0.042588875,Neutral,0.16746363636363637
469,2022-04-15,,-0.048660052631578944,Neutral,-0.05609681818181818,Neutral,-0.10157068,Neutral,-0.042588875,Neutral,0.31686000000000003
470,2022-04-16,,-0.21038018181818183,['Neutral' 'Somewhat-Bearish'],-0.14679733333333334,Somewhat-Bearish,-0.10270185333333334,Neutral,-0.045910908163265304,Neutral,0.21702
471,2022-04-17,,-0.21038018181818183,['Neutral' 'Somewhat-Bearish'],-0.14679733333333334,Somewhat-Bearish,-0.10270185333333334,Neutral,-0.06328925,Neutral,0.270525
472,2022-04-18,,-0.198031,['Bearish' 'Somewhat-Bullish'],-0.12848880952380953,Neutral,-0.10270185333333334,Neutral,-0.06328925,Neutral,0.43874
473,2022-04-19,,-0.01797588888888889,Neutral,-0.05778180555555555,Neutral,-0.10270185333333334,Neutral,-0.06328925,Neutral,0.27061
474,2022-04-20,,-0.05790024,Neutral,-0.0602951724137931,Neutral,-0.10270185333333334,Neutral,-0.06328925,Neutral,0.008333333333333328
475,2022-04-21,,0.01776914814814815,Neutral,-0.07772067346938775,Neutral,-0.10270185333333334,Neutral,-0.06328925,Neutral,0.41334
476,2022-04-22,,-0.0810700975609756,Neutral,-0.07550945,Neutral,-0.10148179629629629,Neutral,-0.06328925,Neutral,0.09294444444444444
477,2022-04-23,,-0.09016450000000001,Neutral,-0.31197425,Bearish,-0.09783570329670328,Neutral,-0.03564049,Neutral,0.1655888888888889
478,2022-04-24,,-0.09016450000000001,Neutral,-0.31197425,Bearish,-0.212327,Somewhat-Bearish,-0.03564049,Neutral,0.1655888888888889
479,2022-04-25,,-0.09016450000000001,Neutral,-0.31197425,Bearish,-0.212327,Somewhat-Bearish,-0.03564049,Neutral,0.36776
480,2022-04-26,,-0.061724615384615385,Neutral,0.04508327272727273,Neutral,-0.212327,Somewhat-Bearish,-0.03564049,Neutral,0.1620529411764706
481,2022-04-27,,-0.09127730985915493,Neutral,-0.00959296226415094,Neutral,-0.212327,Somewhat-Bearish,-0.03564049,Neutral,0.10033478260869563
482,2022-04-28,,-0.1017570612244898,Neutral,-0.03242080281690141,Neutral,-0.212327,Somewhat-Bearish,-0.03564049,Neutral,0.21086666666666667
483,2022-04-29,,-0.06448013559322034,Neutral,-0.04454940350877193,Neutral,-0.1191998051948052,Neutral,-0.03564049,Neutral,0.29037999999999997
484,2022-04-30,,-0.07659474999999999,Neutral,-0.047431625,Neutral,-0.10893604098360656,Neutral,-0.0326565175879397,Neutral,0.24931666666666666
485,2022-05-01,,-0.07659474999999999,Neutral,-0.047431625,Neutral,-0.138913,Neutral,-0.138913,Neutral,0.4404
486,2022-05-02,,-0.07659474999999999,Neutral,-0.047431625,Neutral,-0.138913,Neutral,-0.138913,Neutral,0.04996250000000001
487,2022-05-03,,-0.06289273170731707,Neutral,-0.047431625,Neutral,-0.138913,Neutral,-0.138913,Neutral,0.012820000000000008
488,2022-05-04,,-0.017896799999999997,Neutral,-0.02599943548387097,Neutral,-0.138913,Neutral,-0.138913,Neutral,0.48655
489,2022-05-05,,-0.06080038805970149,Neutral,-0.019423835294117647,Neutral,-0.138913,Neutral,-0.138913,Neutral,0.4279
490,2022-05-06,,-0.04297594285714286,Neutral,-0.08536591489361701,Neutral,-0.09164256321839082,Neutral,-0.138913,Neutral,0.057699999999999994
491,2022-05-07,,-0.015247142857142857,Neutral,0.058726,['Somewhat-Bearish' 'Somewhat-Bullish'],-0.05807704504504505,Neutral,-0.020846272727272727,Neutral,0.24353333333333335
492,2022-05-08,,-0.015247142857142857,Neutral,0.058726,['Somewhat-Bearish' 'Somewhat-Bullish'],-0.15789350000000002,['Neutral' 'Somewhat-Bearish'],-0.15789350000000002,['Neutral' 'Somewhat-Bearish'],0.27365999999999996
493,2022-05-09,,-0.04441069230769231,Neutral,0.058726,['Somewhat-Bearish' 'Somewhat-Bullish'],-0.15789350000000002,['Neutral' 'Somewhat-Bearish'],-0.15789350000000002,['Neutral' 'Somewhat-Bearish'],0.23085
494,2022-05-10,,-0.04848795555555555,Neutral,0.08299666666666666,Neutral,-0.15789350000000002,['Neutral' 'Somewhat-Bearish'],-0.15789350000000002,['Neutral' 'Somewhat-Bearish'],0.16169999999999998
495,2022-05-11,,-0.038709355555555554,Neutral,-0.0037363098591549305,Neutral,-0.15789350000000002,['Neutral' 'Somewhat-Bearish'],-0.15789350000000002,['Neutral' 'Somewhat-Bearish'],0.07523333333333333
496,2022-05-12,,-0.07657253658536585,Neutral,-0.09699655128205127,Neutral,-0.15789350000000002,['Neutral' 'Somewhat-Bearish'],-0.15789350000000002,['Neutral' 'Somewhat-Bearish'],0.0627625
497,2022-05-13,,-0.06671476,Neutral,-0.047190809523809524,Neutral,-0.1417931951219512,Neutral,-0.15789350000000002,['Neutral' 'Somewhat-Bearish'],0.4371833333333333
498,2022-05-14,,-0.3199498333333333,Bearish,-0.1158415,Neutral,-0.14311640677966103,Neutral,-0.071552275,Neutral,0.2700888888888889
499,2022-05-15,,-0.3199498333333333,Bearish,-0.1158415,Neutral,-0.14311640677966103,Neutral,-0.071552275,Neutral,0.2019
500,2022-05-16,,-0.06264833333333333,Neutral,-0.06965946153846153,Neutral,-0.14311640677966103,Neutral,-0.071552275,Neutral,0.28268
501,2022-05-17,,-0.06763478260869565,Neutral,-0.0940931,Neutral,-0.14311640677966103,Neutral,-0.071552275,Neutral,0.24958888888888886
502,2022-05-18,,-0.10640857692307693,Neutral,-0.05533717307692308,Neutral,-0.14311640677966103,Neutral,-0.071552275,Neutral,0.11187
503,2022-05-19,,-0.008870347826086958,Neutral,-0.11937465517241379,Neutral,-0.14311640677966103,Neutral,-0.071552275,Neutral,0.3393785714285714
504,2022-05-20,,-0.048194724137931036,Neutral,-0.09353085245901639,Neutral,-0.13315794623655913,Neutral,-0.071552275,Neutral,0.27309999999999995
505,2022-05-21,,-0.012504666666666666,Neutral,-0.0972472,Neutral,-0.12556804716981132,Neutral,-0.036667695,Neutral,0.2787428571428571
506,2022-05-22,,-0.012504666666666666,Neutral,-0.0972472,Neutral,-0.031273,Neutral,-0.036667695,Neutral,0.3712333333333333
507,2022-05-23,,-0.012504666666666666,Neutral,-0.0972472,Neutral,-0.031273,Neutral,-0.036667695,Neutral,0.5246666666666666
508,2022-05-24,,-0.012504666666666666,Neutral,-0.08263513953488372,Neutral,-0.031273,Neutral,-0.036667695,Neutral,-0.06714166666666667
509,2022-05-25,,-0.09623225490196079,Neutral,-0.07163291666666666,Neutral,-0.031273,Neutral,-0.036667695,Neutral,0.270375
510,2022-05-26,,-0.069314775,Neutral,-0.03625222666666667,Neutral,-0.031273,Neutral,-0.036667695,Neutral,0.273575
511,2022-05-27,,-0.10988936666666667,Neutral,-0.058064136363636366,Neutral,-0.11631603361344539,Neutral,-0.036667695,Neutral,0.1476888888888889
512,2022-05-28,,-0.00042400000000000077,Neutral,-0.18361449999999999,['Neutral' 'Somewhat-Bearish'],-0.07066269135802469,Neutral,-0.040149929648241205,Neutral,-0.0928
513,2022-05-29,,-0.00042400000000000077,Neutral,-0.12149233333333333,Neutral,-0.07066269135802469,Neutral,-0.043262,Neutral,0.435175
514,2022-05-30,,-0.00042400000000000077,Neutral,-0.04608975,Neutral,-0.07066269135802469,Neutral,-0.043262,Neutral,0.12143333333333332
515,2022-05-31,,-0.1050988904109589,Neutral,-0.057405302325581394,Neutral,-0.07066269135802469,Neutral,-0.043262,Neutral,0.38516000000000006
516,2022-06-01,,-0.08450345614035087,Neutral,-0.05948197058823529,Neutral,-0.07066269135802469,Neutral,-0.043262,Neutral,0.2795615384615385
517,2022-06-02,,-0.11014379487179486,Neutral,-0.08124350000000001,Neutral,-0.07066269135802469,Neutral,-0.043262,Neutral,0.3810625
518,2022-06-03,,-0.10010992307692307,Neutral,-0.06429767857142857,Neutral,-0.11477755263157895,Neutral,-0.043262,Neutral,0.07488333333333333
519,2022-06-04,,-0.11347020000000001,Neutral,-0.157748,Somewhat-Bearish,-0.13957261627906978,Neutral,-0.051442615,Neutral,0.16471428571428573
520,2022-06-05,,-0.11347020000000001,Neutral,-0.09575966666666667,Neutral,-0.13957261627906978,Neutral,-0.051442615,Neutral,0.16471428571428573
521,2022-06-06,,-0.10213716666666667,Neutral,0.002137685714285716,Neutral,-0.13957261627906978,Neutral,-0.051442615,Neutral,0.11921428571428572
522,2022-06-07,,-0.04245416666666667,Neutral,-0.08063342307692307,Neutral,-0.13957261627906978,Neutral,-0.051442615,Neutral,0.18513333333333334
523,2022-06-08,,-0.03908147727272727,Neutral,-0.06536982051282052,Neutral,-0.13957261627906978,Neutral,-0.051442615,Neutral,0.17537333333333333
524,2022-06-09,,-0.08138366666666667,Neutral,-0.05501341176470588,Neutral,-0.13957261627906978,Neutral,-0.051442615,Neutral,0.36125714285714283
525,2022-06-10,,-0.12785080434782609,Neutral,-0.11817845454545454,Neutral,-0.19373995833333335,Neutral,-0.051442615,Neutral,0.058249999999999996
526,2022-06-11,,-0.174433125,Neutral,-0.159646,Somewhat-Bearish,-0.1214985078125,Neutral,-0.03526871859296482,Neutral,-0.004025000000000001
527,2022-06-12,,-0.174433125,Neutral,-0.159646,Somewhat-Bearish,-0.1214985078125,Neutral,0.266474,Somewhat-Bullish,0.4031
528,2022-06-13,,-0.22196527272727273,Somewhat-Bearish,-0.09472343999999999,Neutral,-0.1214985078125,Neutral,0.266474,Somewhat-Bullish,0.19434285714285712
529,2022-06-14,,-0.1231654,Neutral,-0.09100544444444444,Neutral,-0.1214985078125,Neutral,0.266474,Somewhat-Bullish,0.09121428571428572
530,2022-06-15,,-0.09407002631578947,Neutral,-0.05989028888888889,Neutral,-0.1214985078125,Neutral,0.266474,Somewhat-Bullish,0.5049
531,2022-06-16,,-0.07214373333333333,Neutral,-0.11100604761904762,Neutral,-0.1214985078125,Neutral,0.266474,Somewhat-Bullish,0.03405
532,2022-06-17,,-0.11407966037735849,Neutral,-0.11713675609756098,Neutral,-0.1267658076923077,Neutral,0.266474,Somewhat-Bullish,0.346375
533,2022-06-18,,-0.1389745,Neutral,-0.091263,Neutral,-0.13814965573770494,Neutral,-0.08650943718592966,Neutral,0.223725
534,2022-06-19,,-0.1389745,Neutral,0.16909333333333332,Somewhat-Bullish,-0.13814965573770494,Neutral,-0.010975,Neutral,0.27115
535,2022-06-20,,-0.105573,Neutral,-0.1113811111111111,Neutral,-0.13814965573770494,Neutral,-0.010975,Neutral,0.1984
536,2022-06-21,,-0.09152388095238095,Neutral,-0.09889857142857143,Neutral,-0.13814965573770494,Neutral,-0.010975,Neutral,0.09884000000000001
537,2022-06-22,,-0.09925886363636362,Neutral,-0.12064975757575758,Neutral,-0.13814965573770494,Neutral,-0.010975,Neutral,0.1205909090909091
538,2022-06-23,,-0.08322417391304347,Neutral,-0.07127918604651164,Neutral,-0.13814965573770494,Neutral,-0.010975,Neutral,0.27222857142857143
539,2022-06-24,,-0.11347583018867924,Neutral,-0.11586523529411764,Neutral,-0.11286963157894736,Neutral,-0.010975,Neutral,0.1339
540,2022-06-25,,-0.06998571428571429,Neutral,0.014459333333333333,Neutral,-0.09617435238095239,Neutral,-0.016087624999999998,Neutral,0.44916
541,2022-06-26,,-0.06998571428571429,Neutral,0.037967,Neutral,-0.09617435238095239,Neutral,-0.016087624999999998,Neutral,0.3453333333333333
542,2022-06-27,,-0.06998571428571429,Neutral,-0.10173788571428571,Neutral,-0.09617435238095239,Neutral,-0.016087624999999998,Neutral,0.17301000000000002
543,2022-06-28,,-0.23813244444444445,Somewhat-Bearish,-0.11135217647058823,Neutral,-0.09617435238095239,Neutral,-0.016087624999999998,Neutral,0.2552625
544,2022-06-29,,-0.14658877192982456,Somewhat-Bearish,-0.07382385365853658,Neutral,-0.09617435238095239,Neutral,-0.016087624999999998,Neutral,0.19821875
545,2022-06-30,,-0.17042942696629215,Neutral,-0.16081832142857144,Somewhat-Bearish,-0.09617435238095239,Neutral,-0.016087624999999998,Neutral,0.2606
546,2022-07-01,,-0.19097321212121213,Neutral,-0.1613506875,Somewhat-Bearish,-0.14208675630252102,Neutral,-0.016087624999999998,Neutral,0.2581333333333333
547,2022-07-02,,-0.052342750000000014,Neutral,-0.3121385,['Bearish' 'Somewhat-Bearish'],-0.13935483950617283,Neutral,-0.034755725,Neutral,-0.022545454545454546
548,2022-07-03,,-0.052342750000000014,Neutral,-0.0586506,Neutral,-0.13935483950617283,Neutral,-0.034755725,Neutral,0.7075666666666667
549,2022-07-04,,-0.04047845,Neutral,-0.08356871428571429,Neutral,-0.13935483950617283,Neutral,-0.034755725,Neutral,0.3015
550,2022-07-05,,-0.08755895555555555,Neutral,-0.12849728571428573,Neutral,-0.13935483950617283,Neutral,-0.034755725,Neutral,0.34103
551,2022-07-06,,-0.08977490322580645,Neutral,-0.13450569767441858,Neutral,-0.13935483950617283,Neutral,-0.034755725,Neutral,0.08396363636363637
552,2022-07-07,,-0.056182265306122456,Neutral,-0.14168076923076922,Neutral,-0.13935483950617283,Neutral,-0.034755725,Neutral,0.5522125
553,2022-07-08,,-0.044699414634146346,Neutral,-0.12748684375,['Neutral' 'Somewhat-Bearish'],0.03779780487804878,Neutral,-0.034755725,Neutral,0.13269999999999998
554,2022-07-09,,-0.01988807142857143,Neutral,0.14011099999999999,['Neutral' 'Somewhat-Bullish'],0.11203342405063292,Somewhat-Bullish,0.10032168999999999,Neutral,-0.08895
555,2022-07-10,,-0.01988807142857143,Neutral,0.14011099999999999,['Neutral' 'Somewhat-Bullish'],0.124008,Neutral,0.10032168999999999,Neutral,0.1591
556,2022-07-11,,-0.08879200000000001,Neutral,-0.26329,Somewhat-Bearish,0.124008,Neutral,0.10032168999999999,Neutral,0.055833333333333325
557,2022-07-12,,0.14133811363636364,Somewhat-Bullish,-0.005944745454545455,Neutral,0.124008,Neutral,0.10032168999999999,Neutral,0.03264444444444444
558,2022-07-13,,0.026544729166666666,Neutral,-0.013243055555555557,Neutral,0.124008,Neutral,0.10032168999999999,Neutral,0.36397
559,2022-07-14,,0.023016912280701757,Neutral,-0.033025264150943395,Neutral,0.124008,Neutral,0.10032168999999999,Neutral,0.34813846153846156
560,2022-07-15,,0.07098279069767442,Neutral,0.05822875,Neutral,0.05773770476190477,Neutral,0.10032168999999999,Neutral,0.2696111111111111
561,2022-07-16,,-0.03387433333333333,Neutral,0.036117,Neutral,0.061433589473684214,Neutral,0.150656495,Somewhat-Bullish,0.14595714285714287
562,2022-07-17,,-0.03387433333333333,Neutral,0.036117,Neutral,0.061433589473684214,Neutral,0.150656495,Somewhat-Bullish,0.19510000000000002
563,2022-07-18,,0.087384625,Neutral,0.0691946875,Neutral,0.061433589473684214,Neutral,0.150656495,Somewhat-Bullish,0.31678333333333336
564,2022-07-19,,0.09416573684210527,Neutral,0.055049138888888884,Neutral,0.061433589473684214,Neutral,0.150656495,Somewhat-Bullish,0.03748666666666667
565,2022-07-20,,0.10107890697674418,['Neutral' 'Somewhat-Bullish'],0.04039355319148936,Neutral,0.061433589473684214,Neutral,0.150656495,Somewhat-Bullish,0.16057500000000002
566,2022-07-21,,0.09453969811320755,Neutral,0.09658017741935483,Neutral,0.061433589473684214,Neutral,0.150656495,Somewhat-Bullish,0.3320444444444444
567,2022-07-22,,0.09842206818181819,Neutral,0.07156648648648649,Neutral,0.09262029166666667,Neutral,0.150656495,Somewhat-Bullish,0.11767272727272728
568,2022-07-23,,0.052277,Somewhat-Bullish,0.094848,Neutral,0.06131752884615385,Neutral,0.138789305,Neutral,0.17131666666666664
569,2022-07-24,,0.052277,Somewhat-Bullish,0.094848,Neutral,0.06131752884615385,Neutral,0.138789305,Neutral,0.36108333333333337
570,2022-07-25,,0.052277,Somewhat-Bullish,0.094848,Neutral,0.06131752884615385,Neutral,0.138789305,Neutral,0.1539
571,2022-07-26,,0.052277,Somewhat-Bullish,0.094848,Neutral,0.06131752884615385,Neutral,0.138789305,Neutral,0.24971176470588236
572,2022-07-27,,0.034442072727272725,Neutral,0.16726349999999998,Somewhat-Bullish,0.06131752884615385,Neutral,0.138789305,Neutral,0.158415
573,2022-07-28,,0.08531736486486487,Neutral,0.1275054,Neutral,0.06131752884615385,Neutral,0.138789305,Neutral,0.05604444444444444
574,2022-07-29,,0.06853624193548388,Neutral,0.10703060606060606,Neutral,0.07707762962962962,Neutral,0.138789305,Neutral,-0.2242
575,2022-07-30,,0.10008155555555556,Neutral,0.16456225,Somewhat-Bullish,0.09811384033613445,Neutral,0.16817367336683417,Somewhat-Bullish,-0.21319999999999995
576,2022-07-31,,0.10008155555555556,Neutral,0.16456225,Somewhat-Bullish,0.09811384033613445,Neutral,0.090536,Neutral,0.216475
577,2022-08-01,,0.10008155555555556,Neutral,0.16456225,Somewhat-Bullish,0.09811384033613445,Neutral,0.090536,Neutral,0.2231727272727273
578,2022-08-02,,0.0419586,Neutral,0.16456225,Somewhat-Bullish,0.09811384033613445,Neutral,0.090536,Neutral,0.3690333333333333
579,2022-08-03,,0.08244202083333334,Neutral,0.13039154385964913,Somewhat-Bullish,0.09811384033613445,Neutral,0.090536,Neutral,-0.135525
580,2022-08-04,,0.10584184375,Neutral,0.12766440540540538,Somewhat-Bullish,0.09811384033613445,Neutral,0.090536,Neutral,0.24275000000000002
581,2022-08-05,,0.07360281481481482,Neutral,0.09943383333333333,Somewhat-Bullish,0.09563081818181818,Neutral,0.090536,Neutral,0.37531
582,2022-08-06,,0.11059735714285714,Neutral,0.15041906666666666,Somewhat-Bullish,0.11462415384615386,Neutral,0.145415625,Somewhat-Bullish,0.22944
583,2022-08-07,,0.11059735714285714,Neutral,0.15041906666666666,Somewhat-Bullish,0.11462415384615386,Neutral,0.145415625,Somewhat-Bullish,-0.08374000000000001
584,2022-08-08,,0.03205414285714286,Neutral,0.15041906666666666,Somewhat-Bullish,0.11462415384615386,Neutral,0.145415625,Somewhat-Bullish,0.32711428571428575
585,2022-08-09,,0.0877666862745098,Neutral,0.15041906666666666,Somewhat-Bullish,0.11462415384615386,Neutral,0.145415625,Somewhat-Bullish,0.11152307692307693
586,2022-08-10,,0.09066534615384615,Neutral,0.11011950877192982,Somewhat-Bullish,0.11462415384615386,Neutral,0.145415625,Somewhat-Bullish,0.24480000000000002
587,2022-08-11,,0.12775247826086958,Somewhat-Bullish,0.12594415662650602,Somewhat-Bullish,0.11462415384615386,Neutral,0.145415625,Somewhat-Bullish,-0.008162500000000005
588,2022-08-12,,0.07268836363636363,Neutral,0.09209801818181818,['Neutral' 'Somewhat-Bullish'],0.108769,Neutral,0.145415625,Somewhat-Bullish,0.1766818181818182
589,2022-08-13,,0.19313927272727272,Neutral,0.059393600000000005,Neutral,0.09662945544554455,Neutral,0.17044409500000002,Somewhat-Bullish,0.5029125
590,2022-08-14,,-0.03653075,Neutral,0.059393600000000005,Neutral,0.09662945544554455,Neutral,0.17044409500000002,Somewhat-Bullish,0.0
591,2022-08-15,,0.09430691176470588,Neutral,0.13654605555555555,Somewhat-Bullish,0.09662945544554455,Neutral,0.17044409500000002,Somewhat-Bullish,0.08573333333333333
592,2022-08-16,,0.1270450303030303,Neutral,0.08424875675675676,['Neutral' 'Somewhat-Bullish'],0.09662945544554455,Neutral,0.17044409500000002,Somewhat-Bullish,0.14176666666666668
593,2022-08-17,,0.15016458139534883,Neutral,0.07647836538461537,Neutral,0.09662945544554455,Neutral,0.17044409500000002,Somewhat-Bullish,0.5624666666666667
594,2022-08-18,,0.06011043333333334,Neutral,0.07131553333333333,Neutral,0.09662945544554455,Neutral,0.17044409500000002,Somewhat-Bullish,0.14613333333333334
595,2022-08-19,,0.07150482978723403,Neutral,0.020490846153846155,Neutral,0.06139396226415095,Neutral,0.17044409500000002,Somewhat-Bullish,0.5836
596,2022-08-20,,0.007656555555555555,Neutral,0.056407,Neutral,0.08100177659574469,Neutral,0.14336671859296482,Somewhat-Bullish,0.24705714285714286
597,2022-08-21,,0.007656555555555555,Neutral,0.056407,Neutral,0.08100177659574469,Neutral,0.139,Neutral,-0.09545
598,2022-08-22,,0.007656555555555555,Neutral,0.056407,Neutral,0.08100177659574469,Neutral,0.139,Neutral,-0.09545
599,2022-08-23,,0.13343021428571428,Neutral,0.1142436875,Neutral,0.08100177659574469,Neutral,0.139,Neutral,0.2529222222222222
600,2022-08-24,,0.034866372093023255,Neutral,0.08281705660377359,Neutral,0.08100177659574469,Neutral,0.139,Neutral,0.0
601,2022-08-25,,0.07056792307692308,Neutral,0.08871814285714286,Neutral,0.08100177659574469,Neutral,0.139,Neutral,0.309325
602,2022-08-26,,0.07333531666666666,Neutral,0.07340386363636364,Neutral,0.038338,Neutral,0.139,Neutral,-0.013159999999999982
603,2022-08-27,,0.08808366666666667,['Neutral' 'Somewhat-Bullish'],0.047210125,Neutral,0.014124504065040653,Neutral,0.12856016,Somewhat-Bullish,-0.11568333333333332
604,2022-08-28,,0.08808366666666667,['Neutral' 'Somewhat-Bullish'],0.047210125,Neutral,0.014124504065040653,Neutral,0.12856016,Somewhat-Bullish,0.20706666666666665
605,2022-08-29,,0.008689499999999996,Neutral,0.2048955,Somewhat-Bullish,0.014124504065040653,Neutral,0.12856016,Somewhat-Bullish,0.12244285714285714
606,2022-08-30,,0.023950885714285716,Neutral,0.06277577272727274,Neutral,0.014124504065040653,Neutral,0.12856016,Somewhat-Bullish,0.5634285714285714
607,2022-08-31,,0.047979803278688525,Neutral,0.086978975,Neutral,0.014124504065040653,Neutral,0.12856016,Somewhat-Bullish,0.21904285714285715
608,2022-09-01,,0.05834965789473684,Neutral,0.06360995238095238,Neutral,0.014124504065040653,Neutral,0.12856016,Somewhat-Bullish,0.17198
609,2022-09-02,,0.15405804347826085,Somewhat-Bullish,0.07249603333333333,Neutral,0.05554526086956522,Neutral,0.12856016,Somewhat-Bullish,0.256725
610,2022-09-03,,0.1511355,['Neutral' 'Somewhat-Bullish'],0.03265275,Neutral,0.0785668425925926,Neutral,0.155282745,Somewhat-Bullish,-0.08249999999999998
611,2022-09-04,,0.1511355,['Neutral' 'Somewhat-Bullish'],0.03265275,Neutral,0.0785668425925926,Neutral,0.155282745,Somewhat-Bullish,0.5358666666666667
612,2022-09-05,,0.03999462962962963,Neutral,-0.015229999999999999,Neutral,0.0785668425925926,Neutral,0.155282745,Somewhat-Bullish,0.0721
613,2022-09-06,,0.16557677083333333,Neutral,0.05760291428571429,Neutral,0.0785668425925926,Neutral,0.155282745,Somewhat-Bullish,0.319225
614,2022-09-07,,0.0714224,Neutral,0.07116471698113208,Neutral,0.0785668425925926,Neutral,0.155282745,Somewhat-Bullish,0.12182500000000002
615,2022-09-08,,0.13555594117647057,Somewhat-Bullish,0.07019938181818182,Neutral,0.0785668425925926,Neutral,0.155282745,Somewhat-Bullish,0.05168571428571428
616,2022-09-09,,0.10868217142857142,Somewhat-Bullish,0.06865097872340425,Neutral,0.08602890476190475,Neutral,0.155282745,Somewhat-Bullish,0.4227125
617,2022-09-10,,0.10048800000000001,Somewhat-Bullish,0.037318000000000004,['Neutral' 'Somewhat-Bullish'],0.0821072672413793,Neutral,0.14543641499999999,Neutral,0.6249
618,2022-09-11,,-0.08114650000000001,Neutral,0.037318000000000004,['Neutral' 'Somewhat-Bullish'],0.0821072672413793,Neutral,0.14543641499999999,Neutral,0.39462
619,2022-09-12,,0.099566,Neutral,0.037318000000000004,['Neutral' 'Somewhat-Bullish'],0.0821072672413793,Neutral,0.14543641499999999,Neutral,0.34412857142857145
620,2022-09-13,,0.11428210638297873,['Neutral' 'Somewhat-Bullish'],0.06654482692307692,Neutral,0.0821072672413793,Neutral,0.14543641499999999,Neutral,0.07174999999999998
621,2022-09-14,,0.09768951515151515,Neutral,0.004941469387755101,Neutral,0.0821072672413793,Neutral,0.14543641499999999,Neutral,0.23557142857142857
622,2022-09-15,,0.07204135416666667,Neutral,0.05805944680851064,Neutral,0.0821072672413793,Neutral,0.14543641499999999,Neutral,0.11814
623,2022-09-16,,0.04949676315789473,Neutral,-0.04818353488372093,Neutral,0.009745724137931035,Neutral,0.14543641499999999,Neutral,0.329425
624,2022-09-17,,0.13046611111111112,Neutral,0.022185555555555556,Neutral,0.07820043750000001,Neutral,0.15231272864321607,Somewhat-Bullish,0.049775
625,2022-09-18,,0.097727,Neutral,0.022185555555555556,Neutral,0.097727,Neutral,0.097727,Neutral,0.45555
626,2022-09-19,,-0.038994,Neutral,0.022185555555555556,Neutral,0.097727,Neutral,0.097727,Neutral,-0.002542857142857136
627,2022-09-20,,0.050752731707317075,Neutral,0.09924560526315789,Neutral,0.097727,Neutral,0.097727,Neutral,0.2905125
628,2022-09-21,,0.14375790476190475,['Neutral' 'Somewhat-Bullish'],0.03329447368421053,Neutral,0.097727,Neutral,0.097727,Neutral,0.090375
629,2022-09-22,,0.05858484210526316,Neutral,-0.009360921568627452,Neutral,0.097727,Neutral,0.097727,Neutral,0.036708333333333336
630,2022-09-23,,0.04706332653061224,Neutral,-0.0031716086956521746,Neutral,-0.008520269230769232,Neutral,0.097727,Neutral,0.29410000000000003
631,2022-09-24,,0.08652180000000001,Neutral,0.04009,Neutral,0.05513472727272727,Neutral,0.135896065,Somewhat-Bullish,0.015562500000000007
632,2022-09-25,,0.08652180000000001,Neutral,0.04009,Neutral,-0.179354,Somewhat-Bearish,0.135896065,Somewhat-Bullish,0.628475
633,2022-09-26,,0.08652180000000001,Neutral,0.04009,Neutral,-0.179354,Somewhat-Bearish,0.135896065,Somewhat-Bullish,0.12669999999999998
634,2022-09-27,,0.08652180000000001,Neutral,0.04009,Neutral,-0.179354,Somewhat-Bearish,0.135896065,Somewhat-Bullish,0.027780000000000006
635,2022-09-28,,0.07226315384615385,Neutral,0.054711628571428576,Neutral,-0.179354,Somewhat-Bearish,0.135896065,Somewhat-Bullish,0.09989000000000003
636,2022-09-29,,0.02419015625,Neutral,0.06541097142857143,Neutral,-0.179354,Somewhat-Bearish,0.135896065,Somewhat-Bullish,-0.1707
637,2022-09-30,,0.012914315789473685,Neutral,0.03339569387755102,Neutral,-0.0068390399999999985,Neutral,0.135896065,Somewhat-Bullish,0.2589166666666667
638,2022-10-01,-0.24018571428571425,0.08927639999999999,Somewhat-Bullish,-0.015608545454545451,Neutral,0.0113462,Neutral,0.13229476,Somewhat-Bullish,0.0909
639,2022-10-02,-0.05522615384615384,0.08927639999999999,Somewhat-Bullish,-0.015608545454545451,Neutral,0.0113462,Neutral,0.13229476,Somewhat-Bullish,0.11359999999999999
640,2022-10-03,-0.025882142857142854,0.08927639999999999,Somewhat-Bullish,-0.015608545454545451,Neutral,0.0113462,Neutral,0.13229476,Somewhat-Bullish,0.11359999999999999
