,economy_fiscal_news_sentiment_score,economy_fiscal_news_sentiment_label,economy_macro_news_sentiment_score,economy_macro_news_sentiment_label,economy_monetary_news_sentiment_score,economy_monetary_news_sentiment_label,financial_market_news_sentiment_score,financial_market_news_sentiment_label,ticker_news_compound,adj_close,volume,MACD_signal,OBV ema,RSI
427,-0.1310846,1,-0.1260517142857143,1,-0.12424787654320989,0,-0.00615368456375839,1,0.10558571428571428,-0.01627605697744683,24446000.0,-1.0346839630017075,744655783.3554852,44.53377623946564
430,-0.10593288,1,-0.13352062068965517,1,-0.22355186486486486,1,-0.365286,0,-0.08681999999999997,-0.04282022560539067,39178000.0,-1.0397269053702103,731268346.8492393,44.53377623946563
431,-0.11098786046511629,1,-0.06745203225806451,1,-0.22355186486486486,1,-0.365286,0,0.08846428571428573,0.006436612551132148,35250000.0,-1.2089971534627648,730131955.7076995,47.928438651028486
432,-0.15110400000000002,2,-0.06199217647058823,1,-0.22355186486486486,1,-0.365286,0,0.464175,0.05175653169688643,32258000.0,-1.242177325961703,734561296.423083,66.0415963214686
433,-0.08954063265306123,1,-0.06438969387755103,1,-0.22355186486486486,1,-0.365286,0,0.24823333333333333,-0.008844594611538414,24266000.0,-1.217316197531515,734208080.3525691,61.87553910027931
434,-0.09789036666666666,1,-0.10730791666666667,1,-0.14094693684210527,0,-0.365286,0,0.405,-0.016630080474289488,26600000.0,-1.1972356137681217,729480400.2938076,54.922128371177344
437,-0.0458512,1,-0.11840606896551724,1,-0.07662809782608695,0,-0.04694717010309279,1,0.12940000000000002,-0.028622210537862847,30254000.0,-1.2530786989989169,714479296.466324,54.922128371177344
438,-0.1120361842105263,1,-0.08783261111111111,1,-0.07662809782608695,0,-0.04694717010309279,1,0.12248,0.02303524470816498,30292000.0,-1.3021118533994505,713046080.3886033,62.43498001940961
439,-0.06507718604651164,1,-0.12242630769230768,1,-0.07662809782608695,0,-0.04694717010309279,1,0.34040000000000004,0.031081158528971864,32058000.0,-1.238753760073142,717194733.6571695,69.89389463210222
440,-0.08436312765957446,1,-0.05417160869565218,1,-0.07662809782608695,0,-0.04694717010309279,1,0.17112499999999997,0.006806679327300946,23994000.0,-1.0981424865134477,724650944.7143079,71.28059635615654
441,-0.0444238125,1,-0.0985218076923077,1,-0.09898555384615385,0,-0.018845105263157896,1,0.3471285714285714,0.016352124398804735,45900000.0,-0.8823783913277183,738514453.9285899,74.35714962759292
444,-0.13617369230769233,1,-0.16430107407407407,2,-0.277893,1,-0.03035716949152542,1,-0.01673333333333333,-0.0023610709723345114,26632000.0,-0.36262346578075494,763279012.6901561,74.35714962759292
445,-0.03475678125,1,-0.10448846666666665,1,-0.277893,1,-0.03035716949152542,1,0.4638416666666667,0.027835856647647095,29776000.0,-0.05354325423548214,771228510.5751301,79.46436231625344
446,-0.05285011111111112,1,-0.07088639130434783,1,-0.277893,1,-0.03035716949152542,1,0.2868555555555556,-0.012646376799613113,25302000.0,0.24118880966887266,773636092.1459419,72.22992460843426
447,-0.047585088888888884,1,-0.08416894285714285,1,-0.277893,1,-0.03035716949152542,1,0.3290444444444445,0.020277482616711584,20544000.0,0.5551569518790042,779066410.1216183,75.96114933086048
448,-0.08430475555555556,1,-0.0906571,1,-0.1133423652173913,0,-0.03035716949152542,1,0.04956666666666665,0.0014825575964987348,19270000.0,0.855859048242705,786803341.7680154,76.21784940515283
451,-0.08764333333333334,1,-0.0870856052631579,1,-0.12387003797468354,0,-0.2257265,0,0.4779333333333333,0.0030277895271173527,23774000.0,1.5059103680804635,807063378.3379718,76.21784940515283
452,-0.11156106060606061,1,-0.017477235294117644,1,-0.12387003797468354,0,-0.2257265,0,0.47526,0.009158175975388039,28678000.0,1.731964975381851,818876148.6149765,78.16400590738795
453,-0.08406251219512195,1,-0.053020060606060605,1,-0.12387003797468354,0,-0.2257265,0,0.31618888888888885,-0.004226870977857788,21046000.0,1.9194547789979324,825212457.1791472,75.08211631727383
454,-0.07800938596491228,1,-0.06623738461538461,1,-0.12387003797468354,0,-0.2257265,0,0.41511666666666663,-0.020996218584028226,29516000.0,2.0038899884733055,825573380.9826226,62.049893731388195
455,-0.09465941176470588,1,-0.10196453333333332,1,-0.10782159375,0,-0.2257265,0,-0.01991428571428571,0.007522341940129351,23480000.0,2.0355031004698287,829787484.1521856,64.3849461140435
458,-0.0503385641025641,1,-0.11135227272727272,1,-0.10872525373134329,0,-0.038910692307692306,1,0.391725,0.020913325846730002,19076000.0,2.135894120241391,841843747.7732556,64.38494611404352
459,-0.12079074418604652,1,-0.035795225806451614,1,-0.10872525373134329,0,-0.038910692307692306,1,0.23478,-0.017957764993883907,19256000.0,2.1300862389552737,843316123.1443797,53.510562450435565
460,-0.0622903125,1,-0.06117961538461538,1,-0.10872525373134329,0,-0.038910692307692306,1,-0.007985714285714278,-0.02755512479846567,23574000.0,2.002329364836187,840614102.6203165,41.99920931252425
461,-0.08530832352941176,1,-0.0696758717948718,1,-0.10872525373134329,0,-0.038910692307692306,1,0.26792,-0.005183111927230866,19448000.0,1.797677188426304,835121085.5169303,40.291785798528856
462,-0.04769109090909091,1,-0.09008469230769231,1,-0.08282679032258064,0,-0.038910692307692306,1,0.4033,-0.017986284812101072,16434000.0,1.5151941822791841,827804571.2641087,35.00164415518513
465,-0.09669481081081081,1,-0.036152000000000004,1,-0.1403749189189189,0,-0.03914875257731959,1,0.5260111111111111,-0.031445331358499695,24188000.0,0.7337803442424978,808361136.148211,35.00164415518513
466,-0.06871834615384616,1,-0.0939175,1,-0.1403749189189189,0,-0.03914875257731959,1,0.29118,-0.010955589258509812,23004000.0,0.2677298437019777,797639280.1235092,31.752944995555765
467,-0.1339052765957447,1,-0.07386718918918919,1,-0.1403749189189189,0,-0.03914875257731959,1,0.23403333333333334,0.014890021586442481,19542000.0,-0.1631161362598229,791961400.1029243,39.83669376239519
468,-0.04876140625,1,-0.08463221666666666,1,-0.1403749189189189,0,-0.03914875257731959,1,0.16746363636363637,-0.023279533000414743,23484000.0,-0.5954627476410277,783315833.4191037,33.130970167944184
472,-0.198031,0,-0.12848880952380953,1,-0.09726005405405407,0,-0.04968,1,0.43874,0.00556372103034275,14918000.0,-1.7036507535388496,763421089.4189351,33.130970167944184
473,-0.01797588888888889,1,-0.05778180555555555,1,-0.09726005405405407,0,-0.04968,1,0.27061,0.020084301886036382,22720000.0,-1.8712677426956,765805241.182446,44.58100450428451
474,-0.05790024,1,-0.0602951724137931,1,-0.09726005405405407,0,-0.04968,1,0.008333333333333328,-0.017509305065883662,22610000.0,-2.0151426131165007,764023700.9853717,38.30019441767287
475,0.012751700000000001,1,-0.07772067346938775,1,-0.09726005405405407,0,-0.04968,1,0.41334,-0.02579426718179134,30158000.0,-2.1902951537983184,757512750.8211432,31.403886754242706
476,-0.07535043589743588,1,-0.07550945,1,-0.10120382075471698,0,-0.04968,1,0.09294444444444444,-0.04260931735398954,46410000.0,-2.4576299585890506,744351959.0176193,23.934869530546294
479,-0.09016450000000001,1,-0.31197425,0,-0.212327,1,-0.03564049,1,0.36776,0.030397793194381517,34522000.0,-3.008010858589342,722382661.4685298,23.934869530546294
480,-0.061724615384615385,1,0.04508327272727273,1,-0.212327,1,-0.03564049,1,0.1620529411764706,-0.03037730868883115,49394000.0,-3.2185503238648763,712598217.8904415,19.53887469053568
481,-0.09363207142857143,1,-0.00959296226415094,1,-0.212327,1,-0.03564049,1,0.10033478260869563,-0.037533652240918425,62238000.0,-3.5056307479956033,694071514.9087013,15.795812349131339
482,-0.10640652083333334,1,-0.03369769565217391,1,-0.212327,1,-0.03564049,1,0.21086666666666667,0.03817579330068854,36790000.0,-3.703887936239735,684764262.4239178,29.94425802292291
483,-0.06448013559322034,1,-0.04454940350877193,1,-0.11389867567567567,0,-0.03564049,1,0.29037999999999997,-0.03722421819653876,33694000.0,-3.9017169306498154,671392552.0199316,25.30837563522543
486,-0.07659474999999999,1,-0.047431625,1,-0.138913,0,-0.138913,1,0.04996250000000001,0.019053362195447843,30280000.0,-4.273844016207348,648271958.3448677,25.30837563522543
487,-0.06289273170731707,1,-0.047431625,1,-0.138913,0,-0.138913,1,0.012820000000000008,0.008300858517731324,21216000.0,-4.28319317861872,649564965.2873898,28.562995937159187
488,-0.017896799999999997,1,-0.026753196721311476,1,-0.138913,0,-0.138913,1,0.48655,0.0376323911887968,33232000.0,-4.137166293915083,656181137.7394915,41.18025895016882
489,-0.053495,1,-0.019423835294117647,1,-0.138913,0,-0.138913,1,0.4279,-0.047550471021371,43090000.0,-4.012708042907406,654512948.1162429,32.96053263943202
490,-0.04297594285714286,1,-0.08536591489361701,1,-0.08717201176470589,0,-0.138913,1,0.057699999999999994,-0.009306441421450762,35310000.0,-3.91216158554829,647237790.0968691,31.690674389651136
493,-0.04441069230769231,1,0.058726,2,-0.15789350000000002,0,-0.15789350000000002,1,0.23085,-0.02227221119451006,34520000.0,-3.7819007787516083,626159471.1208733,31.69067438965115
494,-0.07471530952380952,1,0.08299666666666666,1,-0.15789350000000002,0,-0.15789350000000002,1,0.16169999999999998,0.01326892880423669,31158000.0,-3.7750265802306413,623049559.2673944,36.25283084028191
495,-0.038709355555555554,1,-0.0037363098591549305,1,-0.15789350000000002,0,-0.15789350000000002,1,0.07523333333333333,-0.005441439473940046,36502000.0,-3.7500019984981043,614374299.3894954,35.20079626731497
496,-0.07657253658536585,1,-0.09699655128205127,1,-0.15789350000000002,0,-0.15789350000000002,1,0.0627625,-0.0070199053417076,41464000.0,-3.714723913255905,600234249.4912461,33.84373675825054
497,-0.07242622448979591,1,-0.047190809523809524,1,-0.13356365432098766,0,-0.15789350000000002,1,0.4371833333333333,0.029643602695452742,29738000.0,-3.60036733654928,593407207.9093717,43.65311096134061
500,-0.068455,1,-0.06965946153846153,1,-0.1381998596491228,0,-0.07004897448979593,1,0.28268,-0.014787728065626338,23282000.0,-3.333299038029264,575145837.910516,43.65311096134061
501,-0.06666477777777778,1,-0.0940931,1,-0.1381998596491228,0,-0.07004897448979593,1,0.24958888888888886,0.016629976054232776,21576000.0,-3.163473962075262,572215864.9254299,49.396485370438775
502,-0.10640857692307693,1,-0.05533717307692308,1,-0.1381998596491228,0,-0.07004897448979593,1,0.11187,-0.03685041721530158,27982000.0,-3.0463700833590797,565110554.104525,39.60324638189724
503,-0.0115795,1,-0.11937465517241379,1,-0.1381998596491228,0,-0.07004897448979593,1,0.3393785714285714,-0.014728537156721067,29192000.0,-2.9844013948914414,554324128.4204375,36.595420609017125
504,-0.048194724137931036,1,-0.09011181666666666,1,-0.12821344444444446,0,-0.07004897448979593,1,0.27309999999999995,-0.012935018890666394,37586000.0,-2.9706755493076566,539071107.0170312,34.17662536168851
507,-0.012504666666666666,1,-0.0972472,1,-0.031273,0,-0.03726726262626263,1,0.5246666666666666,0.021529851532753552,31558000.0,-2.922437569487573,512200566.56078196,34.17662536168851
508,-0.012504666666666666,1,-0.08477092857142858,1,-0.031273,0,-0.03726726262626263,1,-0.06714166666666667,-0.051407485376648854,60386000.0,-2.998600936893797,499163472.133985,25.19916727165439
509,-0.09623225490196079,1,-0.07163291666666666,1,-0.031273,0,-0.03726726262626263,1,0.270375,-0.0008166273922526335,37900000.0,-3.1064509175471153,481982560.1116541,25.092206378953676
510,-0.069314775,1,-0.033253445945945946,1,-0.031273,0,-0.03726726262626263,1,0.273575,0.023209644626690284,30288000.0,-3.160008091746995,472713133.4263784,33.69885876440718
511,-0.1084343220338983,1,-0.05986014285714286,1,-0.11767960169491526,0,-0.03726726262626263,1,0.1476888888888889,0.04158053926666194,29924000.0,-3.0846366079769583,469975944.521982,45.95683943098012
515,-0.10215663888888889,1,-0.06380507317073171,1,-0.0655690641025641,0,-0.043262,1,0.38516000000000006,0.010992985967809732,51302000.0,-2.7325839880225864,471440422.31962866,45.95683943098011
516,-0.09152175925925926,1,-0.05948197058823529,1,-0.0655690641025641,0,-0.043262,1,0.2795615384615385,0.0008593513753636373,28630000.0,-2.4553520294961233,482237351.93302387,46.26999481719554
517,-0.11014379487179486,1,-0.08124350000000001,1,-0.0655690641025641,0,-0.043262,1,0.3810625,0.03161990526174008,27472000.0,-2.0753739829714144,495813459.9441865,56.310277775995
518,-0.10010992307692307,1,-0.06429767857142857,1,-0.11477755263157895,0,-0.043262,1,0.07488333333333333,-0.027024265343735476,25052000.0,-1.7340179904806468,502951549.95348877,47.82473924996322
521,-0.10213716666666667,1,0.002137685714285716,1,-0.13144829761904764,0,-0.051442615,1,0.11921428571428572,0.021354832166177617,23786000.0,-0.9636512258529649,521952137.7045653,47.82473924996322
522,-0.03844663414634146,1,-0.08063342307692307,1,-0.13144829761904764,0,-0.051442615,1,0.18513333333333334,0.0018716420635334075,26414000.0,-0.6771585914460371,533100448.08713776,48.542576626057915
523,-0.03908147727272727,1,-0.06536982051282052,1,-0.13144829761904764,0,-0.051442615,1,0.17537333333333333,7.250005775927271e-05,22544000.0,-0.4119168645691272,546148040.0726148,48.57214804385155
524,-0.08138366666666667,1,-0.05501341176470588,1,-0.13144829761904764,0,-0.051442615,1,0.36125714285714283,-0.019788803249433107,23142000.0,-0.2257254329457837,553164033.3938457,41.55245467086812
525,-0.12785080434782609,1,-0.11817845454545454,1,-0.19374754285714288,0,-0.051442615,1,0.058249999999999996,-0.030373844185028087,31324000.0,-0.16092845314392779,553790027.8282048,33.66857274794721
528,-0.21567011111111112,2,-0.089619375,1,-0.12107412,0,0.266474,2,0.19434285714285712,-0.040842655182035004,36756000.0,-0.23713657383748202,548982673.5116926,33.66857274794721
529,-0.12518325,1,-0.09100544444444444,1,-0.12107412,0,0.266474,2,0.09121428571428572,0.0029706927578414533,25480000.0,-0.47962950509703167,548426227.9264106,35.17340309139769
530,-0.08727875675675675,1,-0.05989028888888889,1,-0.12107412,0,0.266474,2,0.5049,0.029819791016910013,33192000.0,-0.6667483133742266,553494523.2720088,47.971119053898214
531,-0.07214373333333333,1,-0.11100604761904762,1,-0.12107412,0,0.266474,2,0.03405,-0.03401109011311276,35314000.0,-0.8766091361618255,551832436.0600073,38.38570922416375
532,-0.11431734,1,-0.124502975,1,-0.1267658076923077,0,0.266474,2,0.346375,0.011529875451044669,43516000.0,-1.0557044795406116,557700030.050006,42.44172376591345
536,-0.09152388095238095,1,-0.09889857142857143,1,-0.13601215966386554,0,-0.010975,1,0.09884000000000001,0.038469185530465966,39010000.0,-1.3728808676896451,579391340.108992,42.44172376591346
537,-0.09860192857142855,1,-0.12760384375,1,-0.13601215966386554,0,-0.010975,1,0.1205909090909091,0.00016959507643021787,23922000.0,-1.2787227447790375,591154450.0908266,42.52640180770588
538,-0.07682395555555556,1,-0.07020071428571428,1,-0.13601215966386554,0,-0.010975,1,0.27222857142857143,0.005806318490491957,24710000.0,-1.1422864255895424,605075375.0756888,45.48395984364195
539,-0.11500626530612246,1,-0.11586523529411764,1,-0.11286963157894736,0,-0.010975,1,0.1339,0.05194592229283268,39122000.0,-0.8716239417604524,623196479.2297407,63.6237557256037
542,-0.06998571428571429,1,-0.10173788571428571,1,-0.09855343269230768,0,-0.016087624999999998,1,0.17301000000000002,-0.016159412365813197,32840000.0,-0.24189058628861887,655894916.2209147,63.623755725603715
543,-0.23813244444444445,2,-0.11135217647058823,1,-0.09855343269230768,0,-0.016087624999999998,1,0.2552625,-0.03473596396794332,28232000.0,-0.09430231704726824,655367430.1840956,48.577510795053584
544,-0.13455752830188678,2,-0.07382385365853658,1,-0.09855343269230768,0,-0.016087624999999998,1,0.19821875,-0.002798243195581751,18628000.0,-0.013100211413182366,651823191.8200797,47.63417911395026
545,-0.1742770804597701,1,-0.16081832142857144,2,-0.09855343269230768,0,-0.016087624999999998,1,0.2606,-0.025691186517258324,38046000.0,-0.02994716158250463,642528659.8500664,39.97941189274931
546,-0.1984824375,1,-0.1613506875,2,-0.1416907327586207,0,-0.016087624999999998,1,0.2581333333333333,-0.0026651697946213915,31028000.0,-0.10293038870869325,629611883.2083887,39.29212065505353
550,-0.07807379069767442,1,-0.12570646341463415,1,-0.13750635443037976,0,-0.033965823232323236,1,0.34103,0.044058999270150334,36398000.0,-0.20179553624940277,602240110.3435518,39.29212065505353
551,-0.08977490322580645,1,-0.12525664285714286,1,-0.13750635443037976,0,-0.033965823232323236,1,0.08396363636363637,0.011647509609344464,28852000.0,-0.09305715128762979,606913091.9529598,45.47125384579501
552,-0.056182265306122456,1,-0.14168076923076922,1,-0.13750635443037976,0,-0.033965823232323236,1,0.5522125,0.03552100009641568,32184000.0,0.12724388058014835,616171243.2941331,59.25157475962987
553,-0.044699414634146346,1,-0.12748684375,1,0.035456325,0,-0.033965823232323236,1,0.13269999999999998,0.007229335100688905,29082000.0,0.3983887325483914,628733369.4117776,61.462018900644615
556,-0.08879200000000001,1,-0.26329,2,0.124008,0,0.1013350404040404,1,0.055833333333333325,-0.03034076016559495,26718000.0,0.9162247146601771,650742255.4466305,61.462018900644615
557,0.14197386046511629,3,-0.005743444444444444,1,0.124008,0,0.1013350404040404,1,0.03264444444444444,-0.014357712322864424,24970000.0,0.9611670101146325,648927879.5388588,53.841892699503276
558,0.028356148936170215,1,-0.007791365384615385,1,0.124008,0,0.1013350404040404,1,0.36397,-0.02318256539286334,38958000.0,0.8987789473700163,640922899.6157156,44.4061028444856
559,0.024800327272727275,1,-0.033025264150943395,1,0.124008,0,0.1013350404040404,1,0.34813846153846156,-0.006658472390971726,32366000.0,0.7678541850463496,628857749.679763,42.173024862421165
560,0.07039166666666667,1,0.05822875,1,0.05691524509803921,0,0.1013350404040404,1,0.2696111111111111,0.011907715546821684,34330000.0,0.6321495773202059,624525124.7331358,47.2480358553093
563,0.08239946666666667,1,0.0691946875,1,0.06553882417582417,0,0.15334264615384616,2,0.31678333333333336,-0.025335378898117544,33354000.0,0.26281930822371513,609839530.516861,47.2480358553093
564,0.0915495945945946,1,0.057102942857142854,1,0.06553882417582417,0,0.15334264615384616,2,0.03748666666666667,0.04285323380529005,30992300.0,0.170908079081701,608282992.0973841,62.82410676754024
565,0.1044639756097561,3,0.042991022222222224,1,0.06553882417582417,0,0.15334264615384616,2,0.16057500000000002,0.0006979078672422201,26780100.0,0.1297657160591562,611449226.74782,63.02380026545811
566,0.09453969811320755,1,0.0984394262295082,1,0.06553882417582417,0,0.15334264615384616,2,0.3320444444444444,0.0029642892443892954,27267800.0,0.12470828467953536,618632388.9565166,63.91113183531053
567,0.0991125,1,0.06968417142857143,1,0.09453747311827958,0,0.15334264615384616,2,0.11767272727272728,-0.05806676157870372,44455300.0,0.019881116933018646,617209140.7970972,42.388713248662036
570,0.052277,3,0.094848,1,0.06205273,0,0.13928231282051282,1,0.1539,-0.0013842887138612037,28289900.0,-0.2926864260572765,609496111.5723941,42.388713248662036
571,0.052277,3,0.094848,1,0.06205273,0,0.13928231282051282,1,0.24971176470588236,-0.0255983427271268,36626600.0,-0.5425267371431689,598776159.6436617,35.68595725369505
572,0.024818188679245286,1,0.16726349999999998,3,0.06205273,0,0.13928231282051282,1,0.158415,0.07738994540757349,41474600.0,-0.6442609895674101,596755299.7030514,57.17100912213
573,0.08090875,1,0.1275054,1,0.06205273,0,0.13928231282051282,1,0.05604444444444444,0.008714770044605746,23303800.0,-0.636939981655152,598955216.4192096,58.96220707993029
574,0.06701783606557377,1,0.1109113064516129,1,0.078536,0,0.13928231282051282,1,-0.2242,0.01788989542955366,31336200.0,-0.5312284836401732,606011180.3493413,62.46302813208775
577,0.10008155555555556,1,0.16456225,3,0.09811384033613445,0,0.090536,1,0.2231727272727273,-0.009945096354465388,22856200.0,-0.2509195877577686,617065071.0354985,62.46302813208775
578,0.04466378947368421,1,0.16456225,3,0.09811384033613445,0,0.090536,1,0.3690333333333333,0.0036369774570161884,17911000.0,-0.09614899947713215,620278525.8629154,63.32518340738754
579,0.08244202083333334,1,0.12964676785714285,3,0.09811384033613445,0,0.090536,1,-0.135525,0.02484898374030564,25302800.0,0.11689846221082796,627173538.2190962,68.64359432671154
580,0.10834890322580645,1,0.12875432394366199,3,0.09811384033613445,0,0.090536,1,0.24275000000000002,0.0007577367251232481,15757700.0,0.3435468741504716,635545665.1825801,68.79588736063877
581,0.07725632075471697,1,0.0973756603773585,1,0.10042209523809524,0,0.090536,1,0.37531,-0.005468171202659411,15615700.0,0.5463003036231007,639919820.9854834,66.2917916335991
584,0.03205414285714286,1,0.15041906666666666,3,0.11462415384615386,0,0.14573976381909548,2,0.32711428571428575,-0.00067671993087981,17061100.0,0.9629025059346578,646290382.5147473,66.2917916335991
585,0.08717395833333334,1,0.15041906666666666,3,0.11462415384615386,0,0.14573976381909548,2,0.11152307692307693,-0.005417296368333324,15424300.0,1.0515592277034957,643459518.7622894,63.24315345346565
586,0.09066534615384615,1,0.11196334545454545,3,0.11462415384615386,0,0.14573976381909548,2,0.24480000000000002,0.026808523624501257,20497000.0,1.172385999864056,644516632.3019079,70.44698847857586
587,0.12775247826086958,3,0.11943840540540542,1,0.11462415384615386,0,0.14573976381909548,2,-0.008162500000000005,-0.006879418322068176,16671600.0,1.2784178450152561,642618960.2515899,66.73560293718779
588,0.07480715625,1,0.07523544444444444,1,0.108769,0,0.14573976381909548,2,0.1766818181818182,0.02361877681741409,16121100.0,1.4133950282093062,643724416.8763249,72.12750333231163
591,0.09430691176470588,1,0.13654605555555555,3,0.09803397,0,0.17219504639175257,2,0.08573333333333333,0.0018752199321458995,15525000.0,1.7354968312490242,648640540.7849102,72.12750333231163
592,0.1270450303030303,1,0.08162358333333333,1,0.09803397,0,0.17219504639175257,2,0.14176666666666668,-0.003011028039205166,15626200.0,1.8506136659999115,648725533.9874252,70.12853917552408
593,0.14401645238095237,1,0.07720643137254901,1,0.09803397,0,0.17219504639175257,2,0.5624666666666667,-0.01787611136412337,17589200.0,1.893385401024761,645864828.3228544,59.5996798356032
594,0.06011043333333334,1,0.07131553333333333,1,0.09803397,0,0.17219504639175257,2,0.14613333333333334,0.004488039535380572,15652000.0,1.8953457695704536,646089573.6023787,61.14859571773915
595,0.06989304347826086,1,0.020141105263157894,1,0.06139396226415095,0,0.17219504639175257,2,0.5836,-0.022670841055207225,20187000.0,1.8171759773759955,642912361.3353156,50.556932699867325
598,0.007656555555555555,1,0.056407,1,0.08568124175824175,0,0.139,1,-0.09545,-0.02582122401657383,19316000.0,1.5051211067507289,633000289.198678,50.55693269986732
599,0.13343021428571428,1,0.11206393333333334,1,0.08568124175824175,0,0.139,1,0.2529222222222222,-0.002607135244229175,14390700.0,1.2379618797916812,626386840.9988984,49.29935991724391
600,0.034866372093023255,1,0.08281705660377359,1,0.08568124175824175,0,0.139,1,0.0,-0.0006099128419592148,16051200.0,0.9533015058320881,618200434.1657487,48.9931334066531
601,0.07633031147540983,1,0.09413455555555555,1,0.08568124175824175,0,0.139,1,0.309325,0.026155188141406382,14874700.0,0.7368362933298394,613857545.1381239,60.358051080361385
602,0.07333531666666666,1,0.0730305,1,0.03849431578947369,0,0.139,1,-0.013159999999999982,-0.054375480564360035,31698700.0,0.4560775470666318,604955354.2817699,39.92212610810763
605,0.008689499999999996,1,0.2048955,3,0.01947701666666667,0,0.1289128730964467,2,0.12244285714285714,-0.008625397012979041,20386100.0,-0.22794158322362476,582805370.7649131,39.92212610810763
606,0.023289971014492754,1,0.063698,1,0.01947701666666667,0,0.1289128730964467,2,0.5634285714285714,-0.003896979246442056,20548200.0,-0.5351727955991631,572256158.970761,38.73689211919148
607,0.047979803278688525,1,0.07937426315789474,1,0.01947701666666667,0,0.1289128730964467,2,0.21904285714285715,-0.006914767636319152,25898000.0,-0.8402914532780332,559148815.8089675,36.66493938203291
608,0.05088425,1,0.0549982,1,0.01947701666666667,0,0.1289128730964467,2,0.17198,0.012826399508083952,22784400.0,-1.087121378098845,552023429.8408062,42.74068519899026
609,0.15405804347826085,3,0.0713855,1,0.06351795454545454,0,0.1289128730964467,2,0.256725,-0.016915447263321393,20601600.0,-1.3115000261572523,542652008.2006718,37.55798477166661
613,0.16073893617021276,1,0.05760291428571429,1,0.0785668425925926,0,0.1562438894472362,2,0.319225,-0.011041561877738082,20565100.0,-1.9173483494325967,514964368.38381165,37.55798477166661
614,0.06967004081632654,1,0.07116471698113208,1,0.0785668425925926,0,0.1562438894472362,2,0.12182500000000002,0.02791216883420833,22987200.0,-1.99595360694521,512173140.31984305,51.28508987216145
615,0.13555594117647057,3,0.07019938181818182,1,0.0785668425925926,0,0.1562438894472362,2,0.05168571428571428,-0.009594543408581013,21660700.0,-2.034632202796655,506237000.26653594,47.3261858559757
616,0.10645635294117647,3,0.06865097872340425,1,0.08620814457831324,0,0.1562438894472362,2,0.4227125,0.021568274994007153,21732900.0,-1.9893420286217012,504912366.88877994,55.552735084302206
619,0.08785180952380951,1,0.037318000000000004,1,0.0801501592920354,0,0.1451273366834171,1,0.34412857142857145,0.0008051884797641851,19732900.0,-1.8237678399633312,505410867.8754514,55.552735084302206
620,0.11084060869565217,1,0.0559914693877551,1,0.0801501592920354,0,0.1451273366834171,1,0.07174999999999998,-0.05863953720327153,33015000.0,-1.8468633737708136,502010239.8962095,35.072931059560645
621,0.09152687500000001,1,0.00013097916666666583,1,0.0801501592920354,0,0.1451273366834171,1,0.23557142857142857,0.005317683040270582,22115800.0,-1.90451297012148,502862349.91350794,37.201284084876015
622,0.0759606170212766,1,0.05005548888888889,1,0.0801501592920354,0,0.1451273366834171,1,0.11814,-0.018607737504443667,26494900.0,-2.0033473540499074,499156624.92792326,33.09171512265338
623,0.04949676315789473,1,-0.04818353488372093,1,0.011013423529411766,0,0.1451273366834171,1,0.329425,-0.0025986936332593746,64518900.0,-2.1114174840475757,485315370.7732694,32.560803443716054
626,-0.038994,1,0.022185555555555556,1,0.097727,0,0.097727,1,-0.002542857142857136,0.002122949209051317,19738600.0,-2.3466480852483027,459448791.88267905,32.560803443716054
627,0.052936825,1,0.09924560526315789,1,0.097727,0,0.097727,1,0.2905125,-0.019451099400543348,24001700.0,-2.4529591879438883,451514993.2355659,28.03476115582089
628,0.14375790476190475,1,0.02618838888888889,1,0.097727,0,0.097727,1,0.090375,-0.017872922145712677,26596800.0,-2.5860018629442427,440470694.3629716,24.702968340731843
629,0.060471518518518515,1,-0.015813749999999998,1,0.097727,0,0.097727,1,0.036708333333333336,0.005599415524768503,21272700.0,-2.6978362663263904,434812561.969143,27.555851218712533
630,0.04706332653061224,1,-0.0031716086956521746,1,-0.011477844155844156,0,0.097727,1,0.29410000000000003,-0.013920667496541306,25645100.0,-2.8023450711561595,425823268.30761915,25.005133905452155
633,0.08652180000000001,1,0.04009,1,-0.179354,1,0.13601620100502512,2,0.12669999999999998,-0.0036301363012860577,22437900.0,-3.0324592309452534,403147837.6780203,25.005133905452155
634,0.08652180000000001,1,0.04009,1,-0.179354,1,0.13601620100502512,2,0.027780000000000006,-0.007286724405353495,24225000.0,-3.106521402094711,391658848.065017,23.500375565977734
635,0.07226315384615385,1,0.05420253623188406,1,-0.179354,1,0.13601620100502512,2,0.09989000000000003,0.027016022273570472,24617000.0,-3.0993368837824855,386187523.3875142,38.23331606658204
636,0.023526129032258068,1,0.06541097142857143,1,-0.179354,1,0.13601620100502512,2,-0.1707,-0.026305356184963324,21921500.0,-3.085222129850781,377974502.8229285,31.665748200143398
637,0.0163291095890411,1,0.03339569387755102,1,-0.007679617886178861,0,0.13601620100502512,2,0.2589166666666667,-0.019777702971147226,26248200.0,-3.0900166415581487,366755619.0191071,27.88887253928243
640,0.08927639999999999,3,0.033568888888888884,1,0.0113462,0,0.13318109595959596,2,-0.27059999999999995,0.03276132580227853,24840000.0,-3.037615034260258,347263248.04346484,27.88887253928243
641,0.15639469230769232,3,0.02330871111111111,1,0.0113462,0,0.13318109595959596,2,0.29796,0.031319239826513856,22580900.0,-2.8652245814821033,349066390.03622067,42.64068895652197
642,0.07509621739130436,1,0.09001396666666667,1,0.0113462,0,0.13318109595959596,2,0.2721111111111111,-0.0018553113427585144,18475500.0,-2.6398235815637783,347489758.3635172,42.07439171047891
643,0.0894356842105263,1,0.07749061224489796,1,0.0113462,0,0.13318109595959596,2,0.22395000000000004,0.00019562358469582541,17156200.0,-2.3927808825260857,349035265.302931,42.16145202158425
644,0.07327533333333333,1,0.023071320000000003,1,0.04018551851851852,0,0.13318109595959596,2,0.6344142857142857,-0.026115006110455585,24232300.0,-2.1915656093910054,346284471.08577585,34.668921858674736
647,0.05067775,1,-0.025562666666666668,1,0.044920210526315785,0,0.14222242424242423,2,0.35144444444444445,-0.008637145857059436,16529900.0,-1.8175852194299609,337734990.67463887,34.668921858674736
648,0.05067775,1,0.04631172,1,0.044920210526315785,0,0.14222242424242423,2,0.21630769230769228,-0.006686212529999569,21617700.0,-1.7671008715261731,330509642.2288657,32.734766804379376
649,0.055676031746031744,1,0.02395407142857143,1,0.044920210526315785,0,0.14222242424242423,2,0.33805555555555555,0.002549719451492738,17343400.0,-1.723846322746725,327379085.1907214,34.23152649932263
650,0.07498916666666668,1,0.04649353703703704,1,0.044920210526315785,0,0.14222242424242423,2,0.16065714285714286,0.014343804567050089,32812200.0,-1.6529874244441698,330238987.6589345,42.06199155553571
651,0.07069548214285715,1,0.03778848,1,0.044920210526315785,0,0.14222242424242423,2,0.3434285714285714,-0.02537357138227936,22612900.0,-1.6113155426107566,328853423.049112,34.194840624775836
